Brandstof,Datum tenaamstelling,cumsum
Alcohol,2008-01-31,7
Alcohol,2008-03-31,9
Alcohol,2008-06-30,11
Alcohol,2008-07-31,15
Alcohol,2008-08-31,18
Alcohol,2008-11-30,19
Alcohol,2009-01-31,20
Alcohol,2009-02-28,22
Alcohol,2009-03-31,23
Alcohol,2009-04-30,31
Alcohol,2009-05-31,35
Alcohol,2009-06-30,47
Alcohol,2009-07-31,58
Alcohol,2009-08-31,77
Alcohol,2009-09-30,87
Alcohol,2009-10-31,94
Alcohol,2009-11-30,96
Alcohol,2009-12-31,97
Alcohol,2010-01-31,103
Alcohol,2010-02-28,108
Alcohol,2010-03-31,112
Alcohol,2010-04-30,117
Alcohol,2010-05-31,125
Alcohol,2010-06-30,128
Alcohol,2010-07-31,132
Alcohol,2010-08-31,135
Alcohol,2010-09-30,140
Alcohol,2010-10-31,145
Alcohol,2010-11-30,146
Alcohol,2010-12-31,149
Alcohol,2011-01-31,153
Alcohol,2011-02-28,157
Alcohol,2011-03-31,169
Alcohol,2011-04-30,181
Alcohol,2011-05-31,194
Alcohol,2011-06-30,221
Alcohol,2011-07-31,238
Alcohol,2011-08-31,248
Alcohol,2011-09-30,264
Alcohol,2011-10-31,274
Alcohol,2011-11-30,300
Alcohol,2011-12-31,310
Alcohol,2012-01-31,333
Alcohol,2012-02-29,346
Alcohol,2012-03-31,355
Alcohol,2012-04-30,368
Alcohol,2012-05-31,386
Alcohol,2012-06-30,401
Alcohol,2012-07-31,416
Alcohol,2012-08-31,432
Alcohol,2012-09-30,441
Alcohol,2012-10-31,453
Alcohol,2012-11-30,466
Alcohol,2012-12-31,474
Alcohol,2013-01-31,487
Alcohol,2013-02-28,501
Alcohol,2013-03-31,520
Alcohol,2013-04-30,538
Alcohol,2013-05-31,555
Alcohol,2013-06-30,573
Alcohol,2013-07-31,589
Alcohol,2013-08-31,608
Alcohol,2013-09-30,629
Alcohol,2013-10-31,642
Alcohol,2013-11-30,659
Alcohol,2013-12-31,684
Alcohol,2014-01-31,701
Alcohol,2014-02-28,713
Alcohol,2014-03-31,729
Alcohol,2014-04-30,740
Alcohol,2014-05-31,754
Alcohol,2014-06-30,777
Alcohol,2014-07-31,790
Alcohol,2014-08-31,798
Alcohol,2014-09-30,815
Alcohol,2014-10-31,833
Alcohol,2014-11-30,851
Alcohol,2014-12-31,866
Alcohol,2015-01-31,888
Alcohol,2015-02-28,911
Alcohol,2015-03-31,929
Alcohol,2015-04-30,949
Alcohol,2015-05-31,965
Alcohol,2015-06-30,981
Alcohol,2015-07-31,1003
Alcohol,2015-08-31,1018
Alcohol,2015-09-30,1040
Alcohol,2015-10-31,1061
Alcohol,2015-11-30,1076
Alcohol,2015-12-31,1094
Alcohol,2016-01-31,1119
Alcohol,2016-02-29,1142
Alcohol,2016-03-31,1162
Alcohol,2016-04-30,1180
Alcohol,2016-05-31,1201
Alcohol,2016-06-30,1225
Alcohol,2016-07-31,1251
Alcohol,2016-08-31,1275
Alcohol,2016-09-30,1296
Alcohol,2016-10-31,1326
Alcohol,2016-11-30,1355
Alcohol,2016-12-31,1379
Alcohol,2017-01-31,1409
Alcohol,2017-02-28,1447
Alcohol,2017-03-31,1477
Alcohol,2017-04-30,1504
Alcohol,2017-05-31,1536
Alcohol,2017-06-30,1578
Alcohol,2017-07-31,1618
Alcohol,2017-08-31,1649
Alcohol,2017-09-30,1673
Alcohol,2017-10-31,1694
Alcohol,2017-11-30,1722
Alcohol,2017-12-31,1749
Alcohol,2018-01-31,1790
Alcohol,2018-02-28,1821
Alcohol,2018-03-31,1859
Alcohol,2018-04-30,1888
Alcohol,2018-05-31,1918
Alcohol,2018-06-30,1973
Alcohol,2018-07-31,2018
Alcohol,2018-08-31,2061
Alcohol,2018-09-30,2089
Alcohol,2018-10-31,2125
Alcohol,2018-11-30,2173
Alcohol,2018-12-31,2215
Alcohol,2019-01-31,2275
Alcohol,2019-02-28,2320
Alcohol,2019-03-31,2361
Alcohol,2019-04-30,2401
Alcohol,2019-05-31,2444
Alcohol,2019-06-30,2475
Alcohol,2019-07-31,2535
Alcohol,2019-08-31,2587
Alcohol,2019-09-30,2630
Alcohol,2019-10-31,2682
Alcohol,2019-11-30,2725
Alcohol,2019-12-31,2775
Alcohol,2020-01-31,2818
Alcohol,2020-02-29,2872
Alcohol,2020-03-31,2920
Alcohol,2020-04-30,2949
Alcohol,2020-05-31,2993
Alcohol,2020-06-30,3069
Alcohol,2020-07-31,3136
Alcohol,2020-08-31,3188
Alcohol,2020-09-30,3243
Alcohol,2020-10-31,3302
Alcohol,2020-11-30,3361
Alcohol,2020-12-31,3419
Alcohol,2021-01-31,3467
Alcohol,2021-02-28,3513
Alcohol,2021-03-31,3572
Alcohol,2021-04-30,3641
Alcohol,2021-05-31,3727
Alcohol,2021-06-30,3791
Alcohol,2021-07-31,3874
Alcohol,2021-08-31,3958
Alcohol,2021-09-30,4058
Alcohol,2021-10-31,4107
Benzine,1915-02-28,1
Benzine,1952-10-31,2
Benzine,1953-01-31,3
Benzine,1953-07-31,4
Benzine,1953-09-30,5
Benzine,1954-01-31,6
Benzine,1954-04-30,7
Benzine,1954-07-31,8
Benzine,1955-06-30,9
Benzine,1955-08-31,10
Benzine,1955-09-30,11
Benzine,1956-05-31,12
Benzine,1956-06-30,13
Benzine,1956-07-31,14
Benzine,1956-09-30,15
Benzine,1956-12-31,16
Benzine,1957-08-31,17
Benzine,1957-09-30,18
Benzine,1957-11-30,19
Benzine,1958-03-31,20
Benzine,1958-06-30,21
Benzine,1959-02-28,22
Benzine,1959-05-31,24
Benzine,1959-07-31,25
Benzine,1959-08-31,26
Benzine,1959-12-31,28
Benzine,1960-01-31,29
Benzine,1960-05-31,31
Benzine,1960-06-30,33
Benzine,1960-08-31,34
Benzine,1960-10-31,36
Benzine,1960-11-30,37
Benzine,1961-03-31,40
Benzine,1961-04-30,41
Benzine,1961-05-31,44
Benzine,1961-06-30,47
Benzine,1961-07-31,49
Benzine,1961-09-30,50
Benzine,1961-10-31,52
Benzine,1961-11-30,53
Benzine,1961-12-31,55
Benzine,1962-07-31,58
Benzine,1962-08-31,59
Benzine,1962-09-30,61
Benzine,1962-10-31,62
Benzine,1963-02-28,64
Benzine,1963-03-31,66
Benzine,1963-04-30,68
Benzine,1963-05-31,71
Benzine,1963-06-30,72
Benzine,1963-07-31,74
Benzine,1963-09-30,75
Benzine,1963-10-31,77
Benzine,1963-11-30,78
Benzine,1964-02-29,80
Benzine,1964-03-31,82
Benzine,1964-04-30,85
Benzine,1964-05-31,86
Benzine,1964-06-30,87
Benzine,1964-08-31,89
Benzine,1964-09-30,90
Benzine,1964-10-31,93
Benzine,1964-11-30,97
Benzine,1965-01-31,98
Benzine,1965-02-28,99
Benzine,1965-03-31,102
Benzine,1965-04-30,103
Benzine,1965-05-31,107
Benzine,1965-06-30,110
Benzine,1965-07-31,111
Benzine,1965-08-31,112
Benzine,1965-09-30,114
Benzine,1965-10-31,116
Benzine,1965-11-30,118
Benzine,1965-12-31,119
Benzine,1966-01-31,121
Benzine,1966-02-28,124
Benzine,1966-03-31,128
Benzine,1966-04-30,130
Benzine,1966-05-31,136
Benzine,1966-06-30,140
Benzine,1966-07-31,143
Benzine,1966-08-31,148
Benzine,1966-09-30,154
Benzine,1966-10-31,157
Benzine,1966-11-30,159
Benzine,1967-01-31,160
Benzine,1967-02-28,161
Benzine,1967-03-31,164
Benzine,1967-04-30,168
Benzine,1967-05-31,172
Benzine,1967-06-30,177
Benzine,1967-07-31,183
Benzine,1967-08-31,187
Benzine,1967-09-30,190
Benzine,1967-10-31,192
Benzine,1967-11-30,199
Benzine,1967-12-31,202
Benzine,1968-01-31,206
Benzine,1968-02-29,212
Benzine,1968-03-31,217
Benzine,1968-04-30,224
Benzine,1968-05-31,228
Benzine,1968-06-30,229
Benzine,1968-07-31,232
Benzine,1968-08-31,241
Benzine,1968-09-30,245
Benzine,1968-10-31,249
Benzine,1968-11-30,251
Benzine,1968-12-31,256
Benzine,1969-01-31,260
Benzine,1969-02-28,261
Benzine,1969-03-31,267
Benzine,1969-04-30,277
Benzine,1969-05-31,290
Benzine,1969-06-30,300
Benzine,1969-07-31,314
Benzine,1969-08-31,319
Benzine,1969-09-30,326
Benzine,1969-10-31,330
Benzine,1969-11-30,339
Benzine,1969-12-31,344
Benzine,1970-01-31,348
Benzine,1970-02-28,352
Benzine,1970-03-31,360
Benzine,1970-04-30,372
Benzine,1970-05-31,384
Benzine,1970-06-30,395
Benzine,1970-07-31,400
Benzine,1970-08-31,412
Benzine,1970-09-30,424
Benzine,1970-10-31,435
Benzine,1970-11-30,440
Benzine,1970-12-31,449
Benzine,1971-01-31,454
Benzine,1971-02-28,464
Benzine,1971-03-31,484
Benzine,1971-04-30,496
Benzine,1971-05-31,514
Benzine,1971-06-30,541
Benzine,1971-07-31,553
Benzine,1971-08-31,576
Benzine,1971-09-30,590
Benzine,1971-10-31,607
Benzine,1971-11-30,618
Benzine,1971-12-31,625
Benzine,1972-01-31,640
Benzine,1972-02-29,653
Benzine,1972-03-31,673
Benzine,1972-04-30,691
Benzine,1972-05-31,710
Benzine,1972-06-30,736
Benzine,1972-07-31,754
Benzine,1972-08-31,778
Benzine,1972-09-30,800
Benzine,1972-10-31,819
Benzine,1972-11-30,829
Benzine,1972-12-31,843
Benzine,1973-01-31,852
Benzine,1973-02-28,867
Benzine,1973-03-31,897
Benzine,1973-04-30,922
Benzine,1973-05-31,959
Benzine,1973-06-30,983
Benzine,1973-07-31,1009
Benzine,1973-08-31,1038
Benzine,1973-09-30,1058
Benzine,1973-10-31,1079
Benzine,1973-11-30,1095
Benzine,1973-12-31,1115
Benzine,1974-01-31,1122
Benzine,1974-02-28,1134
Benzine,1974-03-31,1157
Benzine,1974-04-30,1189
Benzine,1974-05-31,1234
Benzine,1974-06-30,1268
Benzine,1974-07-31,1303
Benzine,1974-08-31,1337
Benzine,1974-09-30,1363
Benzine,1974-10-31,1401
Benzine,1974-11-30,1434
Benzine,1974-12-31,1484
Benzine,1975-01-31,1570
Benzine,1975-02-28,1610
Benzine,1975-03-31,1651
Benzine,1975-04-30,1749
Benzine,1975-05-31,1790
Benzine,1975-06-30,1850
Benzine,1975-07-31,1900
Benzine,1975-08-31,1936
Benzine,1975-09-30,1978
Benzine,1975-10-31,2012
Benzine,1975-11-30,2041
Benzine,1975-12-31,2077
Benzine,1976-01-31,2287
Benzine,1976-02-29,2330
Benzine,1976-03-31,2390
Benzine,1976-04-30,2431
Benzine,1976-05-31,2485
Benzine,1976-06-30,2557
Benzine,1976-07-31,2632
Benzine,1976-08-31,2685
Benzine,1976-09-30,2746
Benzine,1976-10-31,2804
Benzine,1976-11-30,2854
Benzine,1976-12-31,2891
Benzine,1977-01-31,2954
Benzine,1977-02-28,3003
Benzine,1977-03-31,3086
Benzine,1977-04-30,3148
Benzine,1977-05-31,3240
Benzine,1977-06-30,3337
Benzine,1977-07-31,3420
Benzine,1977-08-31,3503
Benzine,1977-09-30,3561
Benzine,1977-10-31,3633
Benzine,1977-11-30,3692
Benzine,1977-12-31,3760
Benzine,1978-01-31,3856
Benzine,1978-02-28,3906
Benzine,1978-03-31,3991
Benzine,1978-04-30,4082
Benzine,1978-05-31,4169
Benzine,1978-06-30,4288
Benzine,1978-07-31,4367
Benzine,1978-08-31,4477
Benzine,1978-09-30,4554
Benzine,1978-10-31,4634
Benzine,1978-11-30,4704
Benzine,1978-12-31,4749
Benzine,1979-01-31,4842
Benzine,1979-02-28,4882
Benzine,1979-03-31,5015
Benzine,1979-04-30,5124
Benzine,1979-05-31,5241
Benzine,1979-06-30,5348
Benzine,1979-07-31,5444
Benzine,1979-08-31,5549
Benzine,1979-09-30,5605
Benzine,1979-10-31,5685
Benzine,1979-11-30,5756
Benzine,1979-12-31,5817
Benzine,1980-01-31,5918
Benzine,1980-02-29,6003
Benzine,1980-03-31,6119
Benzine,1980-04-30,6241
Benzine,1980-05-31,6364
Benzine,1980-06-30,6504
Benzine,1980-07-31,6589
Benzine,1980-08-31,6691
Benzine,1980-09-30,6777
Benzine,1980-10-31,6868
Benzine,1980-11-30,6932
Benzine,1980-12-31,7001
Benzine,1981-01-31,7099
Benzine,1981-02-28,7189
Benzine,1981-03-31,7295
Benzine,1981-04-30,7431
Benzine,1981-05-31,7579
Benzine,1981-06-30,7700
Benzine,1981-07-31,7831
Benzine,1981-08-31,7922
Benzine,1981-09-30,8021
Benzine,1981-10-31,8106
Benzine,1981-11-30,8188
Benzine,1981-12-31,8249
Benzine,1982-01-31,8360
Benzine,1982-02-28,8460
Benzine,1982-03-31,8616
Benzine,1982-04-30,8784
Benzine,1982-05-31,8950
Benzine,1982-06-30,9096
Benzine,1982-07-31,9256
Benzine,1982-08-31,9388
Benzine,1982-09-30,9495
Benzine,1982-10-31,9588
Benzine,1982-11-30,9679
Benzine,1982-12-31,9772
Benzine,1983-01-31,9889
Benzine,1983-02-28,9975
Benzine,1983-03-31,10139
Benzine,1983-04-30,10321
Benzine,1983-05-31,10497
Benzine,1983-06-30,10683
Benzine,1983-07-31,10844
Benzine,1983-08-31,10985
Benzine,1983-09-30,11118
Benzine,1983-10-31,11265
Benzine,1983-11-30,11365
Benzine,1983-12-31,11472
Benzine,1984-01-31,11609
Benzine,1984-02-29,11718
Benzine,1984-03-31,11866
Benzine,1984-04-30,12040
Benzine,1984-05-31,12262
Benzine,1984-06-30,12471
Benzine,1984-07-31,12661
Benzine,1984-08-31,12848
Benzine,1984-09-30,12980
Benzine,1984-10-31,13115
Benzine,1984-11-30,13257
Benzine,1984-12-31,13376
Benzine,1985-01-31,13494
Benzine,1985-02-28,13601
Benzine,1985-03-31,13781
Benzine,1985-04-30,14009
Benzine,1985-05-31,14248
Benzine,1985-06-30,14469
Benzine,1985-07-31,14665
Benzine,1985-08-31,14866
Benzine,1985-09-30,15033
Benzine,1985-10-31,15200
Benzine,1985-11-30,15332
Benzine,1985-12-31,15441
Benzine,1986-01-31,15640
Benzine,1986-02-28,15772
Benzine,1986-03-31,15971
Benzine,1986-04-30,16207
Benzine,1986-05-31,16444
Benzine,1986-06-30,16720
Benzine,1986-07-31,16981
Benzine,1986-08-31,17192
Benzine,1986-09-30,17384
Benzine,1986-10-31,17565
Benzine,1986-11-30,17736
Benzine,1986-12-31,17881
Benzine,1987-01-31,18032
Benzine,1987-02-28,18185
Benzine,1987-03-31,18407
Benzine,1987-04-30,18696
Benzine,1987-05-31,19016
Benzine,1987-06-30,19301
Benzine,1987-07-31,19618
Benzine,1987-08-31,19859
Benzine,1987-09-30,20078
Benzine,1987-10-31,20345
Benzine,1987-11-30,20522
Benzine,1987-12-31,20704
Benzine,1988-01-31,20899
Benzine,1988-02-29,21141
Benzine,1988-03-31,21405
Benzine,1988-04-30,21733
Benzine,1988-05-31,22031
Benzine,1988-06-30,22396
Benzine,1988-07-31,22740
Benzine,1988-08-31,23035
Benzine,1988-09-30,23306
Benzine,1988-10-31,23528
Benzine,1988-11-30,23759
Benzine,1988-12-31,23953
Benzine,1989-01-31,24229
Benzine,1989-02-28,24482
Benzine,1989-03-31,24863
Benzine,1989-04-30,25195
Benzine,1989-05-31,25617
Benzine,1989-06-30,26041
Benzine,1989-07-31,26413
Benzine,1989-08-31,26764
Benzine,1989-09-30,27023
Benzine,1989-10-31,27309
Benzine,1989-11-30,27569
Benzine,1989-12-31,27817
Benzine,1990-01-31,28149
Benzine,1990-02-28,28459
Benzine,1990-03-31,28928
Benzine,1990-04-30,29425
Benzine,1990-05-31,29955
Benzine,1990-06-30,30441
Benzine,1990-07-31,30916
Benzine,1990-08-31,31372
Benzine,1990-09-30,31729
Benzine,1990-10-31,32125
Benzine,1990-11-30,32463
Benzine,1990-12-31,32726
Benzine,1991-01-31,33121
Benzine,1991-02-28,33449
Benzine,1991-03-31,34032
Benzine,1991-04-30,34718
Benzine,1991-05-31,35363
Benzine,1991-06-30,35979
Benzine,1991-07-31,36565
Benzine,1991-08-31,37102
Benzine,1991-09-30,37547
Benzine,1991-10-31,38009
Benzine,1991-11-30,38374
Benzine,1991-12-31,38720
Benzine,1992-01-31,39231
Benzine,1992-02-29,39696
Benzine,1992-03-31,40420
Benzine,1992-04-30,41118
Benzine,1992-05-31,41963
Benzine,1992-06-30,42727
Benzine,1992-07-31,43475
Benzine,1992-08-31,44045
Benzine,1992-09-30,44550
Benzine,1992-10-31,45011
Benzine,1992-11-30,45408
Benzine,1992-12-31,45872
Benzine,1993-01-31,46353
Benzine,1993-02-28,46817
Benzine,1993-03-31,47639
Benzine,1993-04-30,48583
Benzine,1993-05-31,49459
Benzine,1993-06-30,50376
Benzine,1993-07-31,51291
Benzine,1993-08-31,51938
Benzine,1993-09-30,52578
Benzine,1993-10-31,53168
Benzine,1993-11-30,53693
Benzine,1993-12-31,54145
Benzine,1994-01-31,54770
Benzine,1994-02-28,55326
Benzine,1994-03-31,56338
Benzine,1994-04-30,57360
Benzine,1994-05-31,58319
Benzine,1994-06-30,59307
Benzine,1994-07-31,60261
Benzine,1994-08-31,61048
Benzine,1994-09-30,61765
Benzine,1994-10-31,62444
Benzine,1994-11-30,63157
Benzine,1994-12-31,63970
Benzine,1995-01-31,64910
Benzine,1995-02-28,65805
Benzine,1995-03-31,67836
Benzine,1995-04-30,69296
Benzine,1995-05-31,71083
Benzine,1995-06-30,72573
Benzine,1995-07-31,73933
Benzine,1995-08-31,75152
Benzine,1995-09-30,76182
Benzine,1995-10-31,77175
Benzine,1995-11-30,78095
Benzine,1995-12-31,78870
Benzine,1996-01-31,79830
Benzine,1996-02-29,80727
Benzine,1996-03-31,82192
Benzine,1996-04-30,83848
Benzine,1996-05-31,85336
Benzine,1996-06-30,86929
Benzine,1996-07-31,88368
Benzine,1996-08-31,89664
Benzine,1996-09-30,90736
Benzine,1996-10-31,91791
Benzine,1996-11-30,92638
Benzine,1996-12-31,93374
Benzine,1997-01-31,94285
Benzine,1997-02-28,95223
Benzine,1997-03-31,96805
Benzine,1997-04-30,98379
Benzine,1997-05-31,99925
Benzine,1997-06-30,101471
Benzine,1997-07-31,102887
Benzine,1997-08-31,104239
Benzine,1997-09-30,105435
Benzine,1997-10-31,106494
Benzine,1997-11-30,107380
Benzine,1997-12-31,108254
Benzine,1998-01-31,109440
Benzine,1998-02-28,110590
Benzine,1998-03-31,112126
Benzine,1998-04-30,113699
Benzine,1998-05-31,115401
Benzine,1998-06-30,117025
Benzine,1998-07-31,118666
Benzine,1998-08-31,119963
Benzine,1998-09-30,121175
Benzine,1998-10-31,122355
Benzine,1998-11-30,123267
Benzine,1998-12-31,124137
Benzine,1999-01-31,125469
Benzine,1999-02-28,126692
Benzine,1999-03-31,128553
Benzine,1999-04-30,130585
Benzine,1999-05-31,132634
Benzine,1999-06-30,134716
Benzine,1999-07-31,136884
Benzine,1999-08-31,138619
Benzine,1999-09-30,140242
Benzine,1999-10-31,141672
Benzine,1999-11-30,142996
Benzine,1999-12-31,144035
Benzine,2000-01-31,145766
Benzine,2000-02-29,147421
Benzine,2000-03-31,149668
Benzine,2000-04-30,151804
Benzine,2000-05-31,154308
Benzine,2000-06-30,156424
Benzine,2000-07-31,158447
Benzine,2000-08-31,160417
Benzine,2000-09-30,162263
Benzine,2000-10-31,163947
Benzine,2000-11-30,165618
Benzine,2000-12-31,166981
Benzine,2001-01-31,168925
Benzine,2001-02-28,170571
Benzine,2001-03-31,172938
Benzine,2001-04-30,175136
Benzine,2001-05-31,178083
Benzine,2001-06-30,180858
Benzine,2001-07-31,183303
Benzine,2001-08-31,185633
Benzine,2001-09-30,187575
Benzine,2001-10-31,189718
Benzine,2001-11-30,191753
Benzine,2001-12-31,193225
Benzine,2002-01-31,195499
Benzine,2002-02-28,197570
Benzine,2002-03-31,200404
Benzine,2002-04-30,203243
Benzine,2002-05-31,206172
Benzine,2002-06-30,209196
Benzine,2002-07-31,212179
Benzine,2002-08-31,214939
Benzine,2002-09-30,217500
Benzine,2002-10-31,220150
Benzine,2002-11-30,222577
Benzine,2002-12-31,224560
Benzine,2003-01-31,227361
Benzine,2003-02-28,229859
Benzine,2003-03-31,233231
Benzine,2003-04-30,236638
Benzine,2003-05-31,240263
Benzine,2003-06-30,243769
Benzine,2003-07-31,247324
Benzine,2003-08-31,250505
Benzine,2003-09-30,253597
Benzine,2003-10-31,256633
Benzine,2003-11-30,259340
Benzine,2003-12-31,261411
Benzine,2004-01-31,265023
Benzine,2004-02-29,268069
Benzine,2004-03-31,272288
Benzine,2004-04-30,276719
Benzine,2004-05-31,280744
Benzine,2004-06-30,285026
Benzine,2004-07-31,289051
Benzine,2004-08-31,292575
Benzine,2004-09-30,296148
Benzine,2004-10-31,299824
Benzine,2004-11-30,303150
Benzine,2004-12-31,305964
Benzine,2005-01-31,310183
Benzine,2005-02-28,313526
Benzine,2005-03-31,317963
Benzine,2005-04-30,323055
Benzine,2005-05-31,327488
Benzine,2005-06-30,332508
Benzine,2005-07-31,337250
Benzine,2005-08-31,341448
Benzine,2005-09-30,347339
Benzine,2005-10-31,354839
Benzine,2005-11-30,361682
Benzine,2005-12-31,366725
Benzine,2006-01-31,373895
Benzine,2006-02-28,380383
Benzine,2006-03-31,389709
Benzine,2006-04-30,401988
Benzine,2006-05-31,412563
Benzine,2006-06-30,422717
Benzine,2006-07-31,432947
Benzine,2006-08-31,445122
Benzine,2006-09-30,460608
Benzine,2006-10-31,483050
Benzine,2006-11-30,497256
Benzine,2006-12-31,503731
Benzine,2007-01-31,512451
Benzine,2007-02-28,519608
Benzine,2007-03-31,529098
Benzine,2007-04-30,537578
Benzine,2007-05-31,546607
Benzine,2007-06-30,556461
Benzine,2007-07-31,565028
Benzine,2007-08-31,573912
Benzine,2007-09-30,582025
Benzine,2007-10-31,590629
Benzine,2007-11-30,598408
Benzine,2007-12-31,604052
Benzine,2008-01-31,613547
Benzine,2008-02-29,622989
Benzine,2008-03-31,632923
Benzine,2008-04-30,643649
Benzine,2008-05-31,655262
Benzine,2008-06-30,666661
Benzine,2008-07-31,677923
Benzine,2008-08-31,688656
Benzine,2008-09-30,698828
Benzine,2008-10-31,709448
Benzine,2008-11-30,718039
Benzine,2008-12-31,725061
Benzine,2009-01-31,735780
Benzine,2009-02-28,744829
Benzine,2009-03-31,756218
Benzine,2009-04-30,768330
Benzine,2009-05-31,780977
Benzine,2009-06-30,795902
Benzine,2009-07-31,810650
Benzine,2009-08-31,823600
Benzine,2009-09-30,836738
Benzine,2009-10-31,850261
Benzine,2009-11-30,861855
Benzine,2009-12-31,871069
Benzine,2010-01-31,885346
Benzine,2010-02-28,897815
Benzine,2010-03-31,915073
Benzine,2010-04-30,932755
Benzine,2010-05-31,948491
Benzine,2010-06-30,967273
Benzine,2010-07-31,985136
Benzine,2010-08-31,1001286
Benzine,2010-09-30,1017781
Benzine,2010-10-31,1034178
Benzine,2010-11-30,1048799
Benzine,2010-12-31,1059523
Benzine,2011-01-31,1077884
Benzine,2011-02-28,1095263
Benzine,2011-03-31,1116062
Benzine,2011-04-30,1137555
Benzine,2011-05-31,1159265
Benzine,2011-06-30,1180548
Benzine,2011-07-31,1201211
Benzine,2011-08-31,1220636
Benzine,2011-09-30,1239962
Benzine,2011-10-31,1259314
Benzine,2011-11-30,1278237
Benzine,2011-12-31,1294256
Benzine,2012-01-31,1316210
Benzine,2012-02-29,1334095
Benzine,2012-03-31,1359258
Benzine,2012-04-30,1381481
Benzine,2012-05-31,1404873
Benzine,2012-06-30,1431952
Benzine,2012-07-31,1454483
Benzine,2012-08-31,1477390
Benzine,2012-09-30,1500119
Benzine,2012-10-31,1519974
Benzine,2012-11-30,1539456
Benzine,2012-12-31,1555255
Benzine,2013-01-31,1578122
Benzine,2013-02-28,1597536
Benzine,2013-03-31,1622163
Benzine,2013-04-30,1647081
Benzine,2013-05-31,1673340
Benzine,2013-06-30,1700039
Benzine,2013-07-31,1726254
Benzine,2013-08-31,1752606
Benzine,2013-09-30,1775658
Benzine,2013-10-31,1800507
Benzine,2013-11-30,1826079
Benzine,2013-12-31,1849866
Benzine,2014-01-31,1879712
Benzine,2014-02-28,1904289
Benzine,2014-03-31,1933428
Benzine,2014-04-30,1963149
Benzine,2014-05-31,1995557
Benzine,2014-06-30,2026075
Benzine,2014-07-31,2057585
Benzine,2014-08-31,2088126
Benzine,2014-09-30,2117920
Benzine,2014-10-31,2150377
Benzine,2014-11-30,2179975
Benzine,2014-12-31,2208196
Benzine,2015-01-31,2245422
Benzine,2015-02-28,2275616
Benzine,2015-03-31,2312376
Benzine,2015-04-30,2349943
Benzine,2015-05-31,2388161
Benzine,2015-06-30,2429876
Benzine,2015-07-31,2471134
Benzine,2015-08-31,2508775
Benzine,2015-09-30,2546824
Benzine,2015-10-31,2587410
Benzine,2015-11-30,2623746
Benzine,2015-12-31,2662870
Benzine,2016-01-31,2706855
Benzine,2016-02-29,2747451
Benzine,2016-03-31,2794663
Benzine,2016-04-30,2845095
Benzine,2016-05-31,2893915
Benzine,2016-06-30,2949736
Benzine,2016-07-31,3003386
Benzine,2016-08-31,3053205
Benzine,2016-09-30,3105345
Benzine,2016-10-31,3157309
Benzine,2016-11-30,3207374
Benzine,2016-12-31,3258207
Benzine,2017-01-31,3318015
Benzine,2017-02-28,3370898
Benzine,2017-03-31,3438175
Benzine,2017-04-30,3500243
Benzine,2017-05-31,3569542
Benzine,2017-06-30,3644011
Benzine,2017-07-31,3715147
Benzine,2017-08-31,3782970
Benzine,2017-09-30,3852465
Benzine,2017-10-31,3922428
Benzine,2017-11-30,3994623
Benzine,2017-12-31,4056027
Benzine,2018-01-31,4142734
Benzine,2018-02-28,4214752
Benzine,2018-03-31,4303784
Benzine,2018-04-30,4386298
Benzine,2018-05-31,4478812
Benzine,2018-06-30,4581838
Benzine,2018-07-31,4675742
Benzine,2018-08-31,4769490
Benzine,2018-09-30,4854003
Benzine,2018-10-31,4943452
Benzine,2018-11-30,5034114
Benzine,2018-12-31,5109439
Benzine,2019-01-31,5211473
Benzine,2019-02-28,5304757
Benzine,2019-03-31,5410942
Benzine,2019-04-30,5513710
Benzine,2019-05-31,5633484
Benzine,2019-06-30,5746589
Benzine,2019-07-31,5864208
Benzine,2019-08-31,5980024
Benzine,2019-09-30,6087622
Benzine,2019-10-31,6209580
Benzine,2019-11-30,6332233
Benzine,2019-12-31,6434517
Benzine,2020-01-31,6576002
Benzine,2020-02-29,6699734
Benzine,2020-03-31,6818617
Benzine,2020-04-30,6926896
Benzine,2020-05-31,7076371
Benzine,2020-06-30,7239098
Benzine,2020-07-31,7410568
Benzine,2020-08-31,7561393
Benzine,2020-09-30,7714935
Benzine,2020-10-31,7877521
Benzine,2020-11-30,8023868
Benzine,2020-12-31,8160427
Benzine,2021-01-31,8321368
Benzine,2021-02-28,8465057
Benzine,2021-03-31,8657832
Benzine,2021-04-30,8853666
Benzine,2021-05-31,9067030
Benzine,2021-06-30,9304740
Benzine,2021-07-31,9552366
Benzine,2021-08-31,9780082
Benzine,2021-09-30,10054513
Benzine,2021-10-31,10159699
CNG,2001-01-31,1
CNG,2005-01-31,2
CNG,2006-03-31,3
CNG,2006-08-31,4
CNG,2006-10-31,5
CNG,2007-02-28,6
CNG,2007-03-31,8
CNG,2007-04-30,9
CNG,2007-05-31,11
CNG,2007-06-30,12
CNG,2007-09-30,13
CNG,2007-12-31,15
CNG,2008-01-31,20
CNG,2008-02-29,25
CNG,2008-03-31,28
CNG,2008-04-30,32
CNG,2008-05-31,37
CNG,2008-06-30,38
CNG,2008-07-31,39
CNG,2008-09-30,42
CNG,2008-10-31,43
CNG,2008-11-30,44
CNG,2008-12-31,63
CNG,2009-01-31,95
CNG,2009-02-28,96
CNG,2009-03-31,108
CNG,2009-04-30,111
CNG,2009-05-31,113
CNG,2009-06-30,116
CNG,2009-07-31,131
CNG,2009-08-31,140
CNG,2009-09-30,232
CNG,2009-10-31,235
CNG,2009-11-30,237
CNG,2009-12-31,312
CNG,2010-01-31,319
CNG,2010-02-28,327
CNG,2010-03-31,338
CNG,2010-04-30,346
CNG,2010-05-31,355
CNG,2010-06-30,358
CNG,2010-07-31,366
CNG,2010-08-31,370
CNG,2010-09-30,375
CNG,2010-10-31,379
CNG,2010-11-30,392
CNG,2010-12-31,421
CNG,2011-01-31,437
CNG,2011-02-28,452
CNG,2011-03-31,471
CNG,2011-04-30,490
CNG,2011-05-31,499
CNG,2011-06-30,507
CNG,2011-07-31,530
CNG,2011-08-31,537
CNG,2011-09-30,556
CNG,2011-10-31,585
CNG,2011-11-30,603
CNG,2011-12-31,624
CNG,2012-01-31,639
CNG,2012-02-29,659
CNG,2012-03-31,694
CNG,2012-04-30,716
CNG,2012-05-31,733
CNG,2012-06-30,747
CNG,2012-07-31,759
CNG,2012-08-31,770
CNG,2012-09-30,782
CNG,2012-10-31,791
CNG,2012-11-30,808
CNG,2012-12-31,958
CNG,2013-01-31,1008
CNG,2013-02-28,1028
CNG,2013-03-31,1053
CNG,2013-04-30,1072
CNG,2013-05-31,1099
CNG,2013-06-30,1136
CNG,2013-07-31,1165
CNG,2013-08-31,1180
CNG,2013-09-30,1210
CNG,2013-10-31,1228
CNG,2013-11-30,1260
CNG,2013-12-31,1299
CNG,2014-01-31,1328
CNG,2014-02-28,1348
CNG,2014-03-31,1372
CNG,2014-04-30,1418
CNG,2014-05-31,1440
CNG,2014-06-30,1477
CNG,2014-07-31,1522
CNG,2014-08-31,1557
CNG,2014-09-30,1590
CNG,2014-10-31,1649
CNG,2014-11-30,1699
CNG,2014-12-31,1805
CNG,2015-01-31,1877
CNG,2015-02-28,1920
CNG,2015-03-31,1989
CNG,2015-04-30,2038
CNG,2015-05-31,2074
CNG,2015-06-30,2150
CNG,2015-07-31,2204
CNG,2015-08-31,2280
CNG,2015-09-30,2319
CNG,2015-10-31,2423
CNG,2015-11-30,2566
CNG,2015-12-31,2610
CNG,2016-01-31,2652
CNG,2016-02-29,2720
CNG,2016-03-31,2782
CNG,2016-04-30,2843
CNG,2016-05-31,2902
CNG,2016-06-30,2968
CNG,2016-07-31,3042
CNG,2016-08-31,3225
CNG,2016-09-30,3318
CNG,2016-10-31,3445
CNG,2016-11-30,3645
CNG,2016-12-31,3807
CNG,2017-01-31,3934
CNG,2017-02-28,4142
CNG,2017-03-31,4291
CNG,2017-04-30,4476
CNG,2017-05-31,4635
CNG,2017-06-30,4887
CNG,2017-07-31,5142
CNG,2017-08-31,5545
CNG,2017-09-30,5659
CNG,2017-10-31,5802
CNG,2017-11-30,5976
CNG,2017-12-31,6089
CNG,2018-01-31,6268
CNG,2018-02-28,6564
CNG,2018-03-31,6811
CNG,2018-04-30,7044
CNG,2018-05-31,7336
CNG,2018-06-30,7534
CNG,2018-07-31,7848
CNG,2018-08-31,8081
CNG,2018-09-30,8250
CNG,2018-10-31,8415
CNG,2018-11-30,8567
CNG,2018-12-31,8702
CNG,2019-01-31,8895
CNG,2019-02-28,9017
CNG,2019-03-31,9169
CNG,2019-04-30,9297
CNG,2019-05-31,9471
CNG,2019-06-30,9612
CNG,2019-07-31,9800
CNG,2019-08-31,10082
CNG,2019-09-30,10232
CNG,2019-10-31,10487
CNG,2019-11-30,10749
CNG,2019-12-31,10980
CNG,2020-01-31,11198
CNG,2020-02-29,11371
CNG,2020-03-31,11652
CNG,2020-04-30,11817
CNG,2020-05-31,11954
CNG,2020-06-30,12130
CNG,2020-07-31,12281
CNG,2020-08-31,12409
CNG,2020-09-30,12574
CNG,2020-10-31,12791
CNG,2020-11-30,12966
CNG,2020-12-31,13162
CNG,2021-01-31,13350
CNG,2021-02-28,13490
CNG,2021-03-31,13755
CNG,2021-04-30,13994
CNG,2021-05-31,14198
CNG,2021-06-30,14448
CNG,2021-07-31,14738
CNG,2021-08-31,14996
CNG,2021-09-30,15355
CNG,2021-10-31,15472
Diesel,1962-06-30,1
Diesel,1963-09-30,2
Diesel,1964-10-31,3
Diesel,1964-12-31,4
Diesel,1965-01-31,5
Diesel,1966-08-31,6
Diesel,1968-12-31,7
Diesel,1969-02-28,8
Diesel,1969-04-30,9
Diesel,1969-11-30,10
Diesel,1970-01-31,11
Diesel,1970-02-28,12
Diesel,1971-04-30,13
Diesel,1972-02-29,14
Diesel,1972-06-30,15
Diesel,1972-07-31,16
Diesel,1972-08-31,17
Diesel,1972-11-30,18
Diesel,1973-02-28,19
Diesel,1973-05-31,21
Diesel,1973-08-31,22
Diesel,1973-10-31,23
Diesel,1974-03-31,24
Diesel,1974-04-30,25
Diesel,1974-10-31,27
Diesel,1974-11-30,28
Diesel,1975-02-28,29
Diesel,1975-03-31,30
Diesel,1975-05-31,31
Diesel,1975-06-30,32
Diesel,1975-07-31,33
Diesel,1975-10-31,37
Diesel,1975-12-31,39
Diesel,1976-01-31,40
Diesel,1976-02-29,41
Diesel,1976-03-31,43
Diesel,1976-07-31,44
Diesel,1976-08-31,45
Diesel,1976-09-30,47
Diesel,1976-11-30,49
Diesel,1976-12-31,50
Diesel,1977-01-31,52
Diesel,1977-02-28,53
Diesel,1977-04-30,54
Diesel,1977-06-30,55
Diesel,1977-07-31,56
Diesel,1977-08-31,60
Diesel,1977-09-30,63
Diesel,1977-10-31,64
Diesel,1978-01-31,66
Diesel,1978-02-28,69
Diesel,1978-03-31,72
Diesel,1978-04-30,73
Diesel,1978-06-30,74
Diesel,1978-07-31,75
Diesel,1978-08-31,77
Diesel,1978-09-30,81
Diesel,1978-10-31,86
Diesel,1978-11-30,89
Diesel,1978-12-31,91
Diesel,1979-01-31,95
Diesel,1979-03-31,97
Diesel,1979-04-30,98
Diesel,1979-05-31,103
Diesel,1979-06-30,106
Diesel,1979-07-31,109
Diesel,1979-08-31,112
Diesel,1979-09-30,115
Diesel,1979-10-31,116
Diesel,1979-11-30,118
Diesel,1979-12-31,119
Diesel,1980-01-31,122
Diesel,1980-02-29,123
Diesel,1980-03-31,125
Diesel,1980-04-30,127
Diesel,1980-05-31,131
Diesel,1980-06-30,132
Diesel,1980-07-31,134
Diesel,1980-08-31,137
Diesel,1980-09-30,140
Diesel,1980-10-31,145
Diesel,1980-11-30,146
Diesel,1980-12-31,149
Diesel,1981-01-31,151
Diesel,1981-02-28,155
Diesel,1981-03-31,156
Diesel,1981-04-30,160
Diesel,1981-05-31,161
Diesel,1981-06-30,166
Diesel,1981-07-31,168
Diesel,1981-08-31,169
Diesel,1981-09-30,171
Diesel,1981-10-31,174
Diesel,1981-11-30,178
Diesel,1981-12-31,182
Diesel,1982-01-31,183
Diesel,1982-02-28,184
Diesel,1982-03-31,186
Diesel,1982-04-30,189
Diesel,1982-05-31,193
Diesel,1982-06-30,198
Diesel,1982-07-31,204
Diesel,1982-08-31,210
Diesel,1982-09-30,212
Diesel,1982-10-31,214
Diesel,1982-11-30,220
Diesel,1982-12-31,223
Diesel,1983-01-31,228
Diesel,1983-02-28,229
Diesel,1983-03-31,235
Diesel,1983-04-30,237
Diesel,1983-05-31,244
Diesel,1983-06-30,246
Diesel,1983-07-31,251
Diesel,1983-08-31,258
Diesel,1983-09-30,263
Diesel,1983-10-31,267
Diesel,1983-11-30,269
Diesel,1983-12-31,271
Diesel,1984-01-31,283
Diesel,1984-02-29,289
Diesel,1984-03-31,300
Diesel,1984-04-30,311
Diesel,1984-05-31,315
Diesel,1984-06-30,320
Diesel,1984-07-31,326
Diesel,1984-08-31,331
Diesel,1984-09-30,339
Diesel,1984-10-31,348
Diesel,1984-11-30,353
Diesel,1984-12-31,355
Diesel,1985-01-31,362
Diesel,1985-02-28,369
Diesel,1985-03-31,377
Diesel,1985-04-30,384
Diesel,1985-05-31,393
Diesel,1985-06-30,404
Diesel,1985-07-31,417
Diesel,1985-08-31,427
Diesel,1985-09-30,434
Diesel,1985-10-31,448
Diesel,1985-11-30,455
Diesel,1985-12-31,465
Diesel,1986-01-31,484
Diesel,1986-02-28,490
Diesel,1986-03-31,504
Diesel,1986-04-30,527
Diesel,1986-05-31,533
Diesel,1986-06-30,544
Diesel,1986-07-31,554
Diesel,1986-08-31,568
Diesel,1986-09-30,584
Diesel,1986-10-31,602
Diesel,1986-11-30,613
Diesel,1986-12-31,628
Diesel,1987-01-31,642
Diesel,1987-02-28,653
Diesel,1987-03-31,677
Diesel,1987-04-30,693
Diesel,1987-05-31,709
Diesel,1987-06-30,725
Diesel,1987-07-31,736
Diesel,1987-08-31,748
Diesel,1987-09-30,757
Diesel,1987-10-31,766
Diesel,1987-11-30,777
Diesel,1987-12-31,805
Diesel,1988-01-31,824
Diesel,1988-02-29,835
Diesel,1988-03-31,845
Diesel,1988-04-30,857
Diesel,1988-05-31,870
Diesel,1988-06-30,890
Diesel,1988-07-31,902
Diesel,1988-08-31,912
Diesel,1988-09-30,923
Diesel,1988-10-31,936
Diesel,1988-11-30,953
Diesel,1988-12-31,963
Diesel,1989-01-31,983
Diesel,1989-02-28,999
Diesel,1989-03-31,1014
Diesel,1989-04-30,1028
Diesel,1989-05-31,1046
Diesel,1989-06-30,1068
Diesel,1989-07-31,1091
Diesel,1989-08-31,1103
Diesel,1989-09-30,1116
Diesel,1989-10-31,1131
Diesel,1989-11-30,1149
Diesel,1989-12-31,1160
Diesel,1990-01-31,1181
Diesel,1990-02-28,1202
Diesel,1990-03-31,1230
Diesel,1990-04-30,1246
Diesel,1990-05-31,1270
Diesel,1990-06-30,1297
Diesel,1990-07-31,1323
Diesel,1990-08-31,1344
Diesel,1990-09-30,1370
Diesel,1990-10-31,1393
Diesel,1990-11-30,1404
Diesel,1990-12-31,1423
Diesel,1991-01-31,1450
Diesel,1991-02-28,1472
Diesel,1991-03-31,1492
Diesel,1991-04-30,1518
Diesel,1991-05-31,1557
Diesel,1991-06-30,1586
Diesel,1991-07-31,1617
Diesel,1991-08-31,1644
Diesel,1991-09-30,1664
Diesel,1991-10-31,1699
Diesel,1991-11-30,1725
Diesel,1991-12-31,1747
Diesel,1992-01-31,1780
Diesel,1992-02-29,1811
Diesel,1992-03-31,1847
Diesel,1992-04-30,1873
Diesel,1992-05-31,1900
Diesel,1992-06-30,1932
Diesel,1992-07-31,1972
Diesel,1992-08-31,1995
Diesel,1992-09-30,2019
Diesel,1992-10-31,2054
Diesel,1992-11-30,2091
Diesel,1992-12-31,2131
Diesel,1993-01-31,2176
Diesel,1993-02-28,2213
Diesel,1993-03-31,2250
Diesel,1993-04-30,2289
Diesel,1993-05-31,2321
Diesel,1993-06-30,2368
Diesel,1993-07-31,2405
Diesel,1993-08-31,2437
Diesel,1993-09-30,2479
Diesel,1993-10-31,2520
Diesel,1993-11-30,2560
Diesel,1993-12-31,2608
Diesel,1994-01-31,2638
Diesel,1994-02-28,2666
Diesel,1994-03-31,2702
Diesel,1994-04-30,2743
Diesel,1994-05-31,2789
Diesel,1994-06-30,2828
Diesel,1994-07-31,2877
Diesel,1994-08-31,2923
Diesel,1994-09-30,2974
Diesel,1994-10-31,3033
Diesel,1994-11-30,3098
Diesel,1994-12-31,3157
Diesel,1995-01-31,3249
Diesel,1995-02-28,3346
Diesel,1995-03-31,3505
Diesel,1995-04-30,3605
Diesel,1995-05-31,3708
Diesel,1995-06-30,3824
Diesel,1995-07-31,3920
Diesel,1995-08-31,4005
Diesel,1995-09-30,4082
Diesel,1995-10-31,4168
Diesel,1995-11-30,4245
Diesel,1995-12-31,4312
Diesel,1996-01-31,4408
Diesel,1996-02-29,4505
Diesel,1996-03-31,4648
Diesel,1996-04-30,4745
Diesel,1996-05-31,4830
Diesel,1996-06-30,4955
Diesel,1996-07-31,5060
Diesel,1996-08-31,5180
Diesel,1996-09-30,5301
Diesel,1996-10-31,5431
Diesel,1996-11-30,5533
Diesel,1996-12-31,5651
Diesel,1997-01-31,5771
Diesel,1997-02-28,5884
Diesel,1997-03-31,6013
Diesel,1997-04-30,6150
Diesel,1997-05-31,6271
Diesel,1997-06-30,6399
Diesel,1997-07-31,6539
Diesel,1997-08-31,6678
Diesel,1997-09-30,6811
Diesel,1997-10-31,6948
Diesel,1997-11-30,7060
Diesel,1997-12-31,7150
Diesel,1998-01-31,7282
Diesel,1998-02-28,7399
Diesel,1998-03-31,7547
Diesel,1998-04-30,7670
Diesel,1998-05-31,7797
Diesel,1998-06-30,7952
Diesel,1998-07-31,8106
Diesel,1998-08-31,8220
Diesel,1998-09-30,8376
Diesel,1998-10-31,8520
Diesel,1998-11-30,8646
Diesel,1998-12-31,8738
Diesel,1999-01-31,8920
Diesel,1999-02-28,9064
Diesel,1999-03-31,9227
Diesel,1999-04-30,9405
Diesel,1999-05-31,9572
Diesel,1999-06-30,9799
Diesel,1999-07-31,10022
Diesel,1999-08-31,10168
Diesel,1999-09-30,10360
Diesel,1999-10-31,10568
Diesel,1999-11-30,10758
Diesel,1999-12-31,10900
Diesel,2000-01-31,11135
Diesel,2000-02-29,11338
Diesel,2000-03-31,11578
Diesel,2000-04-30,11817
Diesel,2000-05-31,12034
Diesel,2000-06-30,12268
Diesel,2000-07-31,12486
Diesel,2000-08-31,12678
Diesel,2000-09-30,12889
Diesel,2000-10-31,13134
Diesel,2000-11-30,13355
Diesel,2000-12-31,13551
Diesel,2001-01-31,13842
Diesel,2001-02-28,14059
Diesel,2001-03-31,14321
Diesel,2001-04-30,14543
Diesel,2001-05-31,14796
Diesel,2001-06-30,15063
Diesel,2001-07-31,15339
Diesel,2001-08-31,15593
Diesel,2001-09-30,15819
Diesel,2001-10-31,16084
Diesel,2001-11-30,16349
Diesel,2001-12-31,16566
Diesel,2002-01-31,16909
Diesel,2002-02-28,17195
Diesel,2002-03-31,17521
Diesel,2002-04-30,17861
Diesel,2002-05-31,18206
Diesel,2002-06-30,18524
Diesel,2002-07-31,18893
Diesel,2002-08-31,19196
Diesel,2002-09-30,19489
Diesel,2002-10-31,19844
Diesel,2002-11-30,20124
Diesel,2002-12-31,20327
Diesel,2003-01-31,20772
Diesel,2003-02-28,21107
Diesel,2003-03-31,21527
Diesel,2003-04-30,21936
Diesel,2003-05-31,22302
Diesel,2003-06-30,22672
Diesel,2003-07-31,23119
Diesel,2003-08-31,23437
Diesel,2003-09-30,23822
Diesel,2003-10-31,24210
Diesel,2003-11-30,24552
Diesel,2003-12-31,24827
Diesel,2004-01-31,25382
Diesel,2004-02-29,25860
Diesel,2004-03-31,26373
Diesel,2004-04-30,26894
Diesel,2004-05-31,27353
Diesel,2004-06-30,27949
Diesel,2004-07-31,28505
Diesel,2004-08-31,28932
Diesel,2004-09-30,29366
Diesel,2004-10-31,29903
Diesel,2004-11-30,30369
Diesel,2004-12-31,30829
Diesel,2005-01-31,31465
Diesel,2005-02-28,31949
Diesel,2005-03-31,32540
Diesel,2005-04-30,33169
Diesel,2005-05-31,33714
Diesel,2005-06-30,34744
Diesel,2005-07-31,35266
Diesel,2005-08-31,35691
Diesel,2005-09-30,36239
Diesel,2005-10-31,36782
Diesel,2005-11-30,37298
Diesel,2005-12-31,37788
Diesel,2006-01-31,38622
Diesel,2006-02-28,39268
Diesel,2006-03-31,40089
Diesel,2006-04-30,40897
Diesel,2006-05-31,41651
Diesel,2006-06-30,42427
Diesel,2006-07-31,43173
Diesel,2006-08-31,43841
Diesel,2006-09-30,44590
Diesel,2006-10-31,45328
Diesel,2006-11-30,46134
Diesel,2006-12-31,46816
Diesel,2007-01-31,48003
Diesel,2007-02-28,48951
Diesel,2007-03-31,50152
Diesel,2007-04-30,51145
Diesel,2007-05-31,52291
Diesel,2007-06-30,53579
Diesel,2007-07-31,54776
Diesel,2007-08-31,55940
Diesel,2007-09-30,57020
Diesel,2007-10-31,58511
Diesel,2007-11-30,59689
Diesel,2007-12-31,60629
Diesel,2008-01-31,62541
Diesel,2008-02-29,64147
Diesel,2008-03-31,65892
Diesel,2008-04-30,67549
Diesel,2008-05-31,69111
Diesel,2008-06-30,70749
Diesel,2008-07-31,72346
Diesel,2008-08-31,73732
Diesel,2008-09-30,75165
Diesel,2008-10-31,76896
Diesel,2008-11-30,78333
Diesel,2008-12-31,79522
Diesel,2009-01-31,81734
Diesel,2009-02-28,83442
Diesel,2009-03-31,85344
Diesel,2009-04-30,87180
Diesel,2009-05-31,88868
Diesel,2009-06-30,90739
Diesel,2009-07-31,92737
Diesel,2009-08-31,94288
Diesel,2009-09-30,96053
Diesel,2009-10-31,97897
Diesel,2009-11-30,99765
Diesel,2009-12-31,101301
Diesel,2010-01-31,103540
Diesel,2010-02-28,105527
Diesel,2010-03-31,107925
Diesel,2010-04-30,110284
Diesel,2010-05-31,112371
Diesel,2010-06-30,114731
Diesel,2010-07-31,117078
Diesel,2010-08-31,119295
Diesel,2010-09-30,121852
Diesel,2010-10-31,124743
Diesel,2010-11-30,127483
Diesel,2010-12-31,129858
Diesel,2011-01-31,133764
Diesel,2011-02-28,137034
Diesel,2011-03-31,141163
Diesel,2011-04-30,144845
Diesel,2011-05-31,148643
Diesel,2011-06-30,152078
Diesel,2011-07-31,155458
Diesel,2011-08-31,158463
Diesel,2011-09-30,161697
Diesel,2011-10-31,165049
Diesel,2011-11-30,168457
Diesel,2011-12-31,171533
Diesel,2012-01-31,176127
Diesel,2012-02-29,179835
Diesel,2012-03-31,184209
Diesel,2012-04-30,187859
Diesel,2012-05-31,191849
Diesel,2012-06-30,196502
Diesel,2012-07-31,200443
Diesel,2012-08-31,203953
Diesel,2012-09-30,207533
Diesel,2012-10-31,211157
Diesel,2012-11-30,214857
Diesel,2012-12-31,218259
Diesel,2013-01-31,223029
Diesel,2013-02-28,226952
Diesel,2013-03-31,231831
Diesel,2013-04-30,236288
Diesel,2013-05-31,240804
Diesel,2013-06-30,245207
Diesel,2013-07-31,249932
Diesel,2013-08-31,254324
Diesel,2013-09-30,258602
Diesel,2013-10-31,263701
Diesel,2013-11-30,269119
Diesel,2013-12-31,276606
Diesel,2014-01-31,283266
Diesel,2014-02-28,288982
Diesel,2014-03-31,295271
Diesel,2014-04-30,301438
Diesel,2014-05-31,307760
Diesel,2014-06-30,313867
Diesel,2014-07-31,320223
Diesel,2014-08-31,325856
Diesel,2014-09-30,332098
Diesel,2014-10-31,339192
Diesel,2014-11-30,345793
Diesel,2014-12-31,352913
Diesel,2015-01-31,361848
Diesel,2015-02-28,369214
Diesel,2015-03-31,378004
Diesel,2015-04-30,386617
Diesel,2015-05-31,394977
Diesel,2015-06-30,404510
Diesel,2015-07-31,413682
Diesel,2015-08-31,421480
Diesel,2015-09-30,430664
Diesel,2015-10-31,440742
Diesel,2015-11-30,450450
Diesel,2015-12-31,461538
Diesel,2016-01-31,473970
Diesel,2016-02-29,486076
Diesel,2016-03-31,499564
Diesel,2016-04-30,512682
Diesel,2016-05-31,524704
Diesel,2016-06-30,539403
Diesel,2016-07-31,552921
Diesel,2016-08-31,564834
Diesel,2016-09-30,578586
Diesel,2016-10-31,593393
Diesel,2016-11-30,609205
Diesel,2016-12-31,625140
Diesel,2017-01-31,644349
Diesel,2017-02-28,660683
Diesel,2017-03-31,681051
Diesel,2017-04-30,697562
Diesel,2017-05-31,716750
Diesel,2017-06-30,737758
Diesel,2017-07-31,757420
Diesel,2017-08-31,775076
Diesel,2017-09-30,794752
Diesel,2017-10-31,815652
Diesel,2017-11-30,837403
Diesel,2017-12-31,855408
Diesel,2018-01-31,883995
Diesel,2018-02-28,907304
Diesel,2018-03-31,934051
Diesel,2018-04-30,956666
Diesel,2018-05-31,981029
Diesel,2018-06-30,1007676
Diesel,2018-07-31,1033401
Diesel,2018-08-31,1057128
Diesel,2018-09-30,1079824
Diesel,2018-10-31,1106212
Diesel,2018-11-30,1132344
Diesel,2018-12-31,1153026
Diesel,2019-01-31,1184225
Diesel,2019-02-28,1210420
Diesel,2019-03-31,1239206
Diesel,2019-04-30,1266707
Diesel,2019-05-31,1297046
Diesel,2019-06-30,1325969
Diesel,2019-07-31,1355511
Diesel,2019-08-31,1380965
Diesel,2019-09-30,1406768
Diesel,2019-10-31,1436439
Diesel,2019-11-30,1468977
Diesel,2019-12-31,1495499
Diesel,2020-01-31,1529784
Diesel,2020-02-29,1560475
Diesel,2020-03-31,1589903
Diesel,2020-04-30,1612523
Diesel,2020-05-31,1641168
Diesel,2020-06-30,1673656
Diesel,2020-07-31,1709101
Diesel,2020-08-31,1739235
Diesel,2020-09-30,1772532
Diesel,2020-10-31,1807590
Diesel,2020-11-30,1839860
Diesel,2020-12-31,1873628
Diesel,2021-01-31,1930236
Diesel,2021-02-28,1985189
Diesel,2021-03-31,2049123
Diesel,2021-04-30,2108006
Diesel,2021-05-31,2169944
Diesel,2021-06-30,2240012
Diesel,2021-07-31,2317474
Diesel,2021-08-31,2393408
Diesel,2021-09-30,2490908
Diesel,2021-10-31,2529641
Elektriciteit,1983-12-31,1
Elektriciteit,1992-02-29,2
Elektriciteit,1992-03-31,3
Elektriciteit,1997-12-31,5
Elektriciteit,1998-02-28,6
Elektriciteit,2000-08-31,7
Elektriciteit,2001-01-31,10
Elektriciteit,2001-03-31,11
Elektriciteit,2001-06-30,12
Elektriciteit,2001-08-31,13
Elektriciteit,2002-08-31,14
Elektriciteit,2002-10-31,15
Elektriciteit,2003-02-28,16
Elektriciteit,2003-05-31,17
Elektriciteit,2003-11-30,18
Elektriciteit,2004-01-31,19
Elektriciteit,2004-03-31,22
Elektriciteit,2004-04-30,26
Elektriciteit,2004-06-30,27
Elektriciteit,2004-07-31,30
Elektriciteit,2004-08-31,38
Elektriciteit,2004-09-30,46
Elektriciteit,2004-10-31,59
Elektriciteit,2004-11-30,65
Elektriciteit,2004-12-31,67
Elektriciteit,2005-01-31,93
Elektriciteit,2005-02-28,101
Elektriciteit,2005-03-31,114
Elektriciteit,2005-04-30,129
Elektriciteit,2005-05-31,146
Elektriciteit,2005-06-30,163
Elektriciteit,2005-07-31,179
Elektriciteit,2005-08-31,196
Elektriciteit,2005-09-30,208
Elektriciteit,2005-10-31,238
Elektriciteit,2005-11-30,261
Elektriciteit,2005-12-31,283
Elektriciteit,2006-01-31,314
Elektriciteit,2006-02-28,339
Elektriciteit,2006-03-31,369
Elektriciteit,2006-04-30,405
Elektriciteit,2006-05-31,433
Elektriciteit,2006-06-30,493
Elektriciteit,2006-07-31,512
Elektriciteit,2006-08-31,539
Elektriciteit,2006-09-30,565
Elektriciteit,2006-10-31,596
Elektriciteit,2006-11-30,677
Elektriciteit,2006-12-31,707
Elektriciteit,2007-01-31,736
Elektriciteit,2007-02-28,763
Elektriciteit,2007-03-31,791
Elektriciteit,2007-04-30,819
Elektriciteit,2007-05-31,855
Elektriciteit,2007-06-30,902
Elektriciteit,2007-07-31,951
Elektriciteit,2007-08-31,995
Elektriciteit,2007-09-30,1029
Elektriciteit,2007-10-31,1064
Elektriciteit,2007-11-30,1095
Elektriciteit,2007-12-31,1119
Elektriciteit,2008-01-31,1144
Elektriciteit,2008-02-29,1196
Elektriciteit,2008-03-31,1253
Elektriciteit,2008-04-30,1310
Elektriciteit,2008-05-31,1380
Elektriciteit,2008-06-30,1469
Elektriciteit,2008-07-31,1537
Elektriciteit,2008-08-31,1593
Elektriciteit,2008-09-30,1658
Elektriciteit,2008-10-31,1704
Elektriciteit,2008-11-30,1755
Elektriciteit,2008-12-31,1787
Elektriciteit,2009-01-31,1853
Elektriciteit,2009-02-28,1914
Elektriciteit,2009-03-31,1970
Elektriciteit,2009-04-30,2052
Elektriciteit,2009-05-31,2154
Elektriciteit,2009-06-30,2266
Elektriciteit,2009-07-31,2444
Elektriciteit,2009-08-31,2652
Elektriciteit,2009-09-30,2833
Elektriciteit,2009-10-31,3040
Elektriciteit,2009-11-30,3164
Elektriciteit,2009-12-31,3265
Elektriciteit,2010-01-31,3490
Elektriciteit,2010-02-28,3613
Elektriciteit,2010-03-31,3833
Elektriciteit,2010-04-30,4061
Elektriciteit,2010-05-31,4252
Elektriciteit,2010-06-30,4493
Elektriciteit,2010-07-31,4744
Elektriciteit,2010-08-31,5035
Elektriciteit,2010-09-30,5285
Elektriciteit,2010-10-31,5521
Elektriciteit,2010-11-30,5694
Elektriciteit,2010-12-31,5823
Elektriciteit,2011-01-31,6126
Elektriciteit,2011-02-28,6391
Elektriciteit,2011-03-31,6735
Elektriciteit,2011-04-30,7139
Elektriciteit,2011-05-31,7480
Elektriciteit,2011-06-30,7769
Elektriciteit,2011-07-31,8068
Elektriciteit,2011-08-31,8432
Elektriciteit,2011-09-30,8747
Elektriciteit,2011-10-31,9013
Elektriciteit,2011-11-30,9316
Elektriciteit,2011-12-31,9531
Elektriciteit,2012-01-31,9900
Elektriciteit,2012-02-29,10153
Elektriciteit,2012-03-31,10499
Elektriciteit,2012-04-30,10871
Elektriciteit,2012-05-31,11308
Elektriciteit,2012-06-30,11823
Elektriciteit,2012-07-31,12333
Elektriciteit,2012-08-31,12970
Elektriciteit,2012-09-30,13657
Elektriciteit,2012-10-31,14127
Elektriciteit,2012-11-30,14578
Elektriciteit,2012-12-31,14990
Elektriciteit,2013-01-31,15528
Elektriciteit,2013-02-28,15933
Elektriciteit,2013-03-31,16497
Elektriciteit,2013-04-30,17002
Elektriciteit,2013-05-31,17613
Elektriciteit,2013-06-30,18178
Elektriciteit,2013-07-31,18780
Elektriciteit,2013-08-31,19507
Elektriciteit,2013-09-30,20134
Elektriciteit,2013-10-31,20952
Elektriciteit,2013-11-30,22214
Elektriciteit,2013-12-31,24252
Elektriciteit,2014-01-31,24989
Elektriciteit,2014-02-28,25645
Elektriciteit,2014-03-31,26543
Elektriciteit,2014-04-30,27527
Elektriciteit,2014-05-31,28620
Elektriciteit,2014-06-30,29595
Elektriciteit,2014-07-31,30466
Elektriciteit,2014-08-31,31350
Elektriciteit,2014-09-30,32306
Elektriciteit,2014-10-31,33301
Elektriciteit,2014-11-30,34128
Elektriciteit,2014-12-31,35171
Elektriciteit,2015-01-31,36337
Elektriciteit,2015-02-28,37244
Elektriciteit,2015-03-31,38259
Elektriciteit,2015-04-30,39325
Elektriciteit,2015-05-31,40406
Elektriciteit,2015-06-30,41668
Elektriciteit,2015-07-31,42921
Elektriciteit,2015-08-31,44030
Elektriciteit,2015-09-30,45213
Elektriciteit,2015-10-31,46626
Elektriciteit,2015-11-30,48035
Elektriciteit,2015-12-31,50422
Elektriciteit,2016-01-31,51814
Elektriciteit,2016-02-29,53236
Elektriciteit,2016-03-31,54992
Elektriciteit,2016-04-30,56786
Elektriciteit,2016-05-31,58510
Elektriciteit,2016-06-30,60406
Elektriciteit,2016-07-31,62240
Elektriciteit,2016-08-31,63920
Elektriciteit,2016-09-30,66084
Elektriciteit,2016-10-31,68245
Elektriciteit,2016-11-30,70849
Elektriciteit,2016-12-31,75218
Elektriciteit,2017-01-31,78009
Elektriciteit,2017-02-28,80293
Elektriciteit,2017-03-31,83359
Elektriciteit,2017-04-30,85883
Elektriciteit,2017-05-31,89047
Elektriciteit,2017-06-30,92528
Elektriciteit,2017-07-31,95706
Elektriciteit,2017-08-31,98990
Elektriciteit,2017-09-30,102671
Elektriciteit,2017-10-31,106100
Elektriciteit,2017-11-30,110131
Elektriciteit,2017-12-31,114267
Elektriciteit,2018-01-31,119066
Elektriciteit,2018-02-28,122876
Elektriciteit,2018-03-31,128408
Elektriciteit,2018-04-30,132958
Elektriciteit,2018-05-31,138026
Elektriciteit,2018-06-30,144466
Elektriciteit,2018-07-31,149822
Elektriciteit,2018-08-31,155512
Elektriciteit,2018-09-30,161962
Elektriciteit,2018-10-31,168225
Elektriciteit,2018-11-30,176014
Elektriciteit,2018-12-31,185338
Elektriciteit,2019-01-31,193325
Elektriciteit,2019-02-28,200111
Elektriciteit,2019-03-31,210152
Elektriciteit,2019-04-30,217794
Elektriciteit,2019-05-31,227634
Elektriciteit,2019-06-30,238122
Elektriciteit,2019-07-31,246962
Elektriciteit,2019-08-31,256321
Elektriciteit,2019-09-30,270141
Elektriciteit,2019-10-31,280449
Elektriciteit,2019-11-30,296008
Elektriciteit,2019-12-31,322712
Elektriciteit,2020-01-31,336744
Elektriciteit,2020-02-29,349078
Elektriciteit,2020-03-31,362574
Elektriciteit,2020-04-30,371769
Elektriciteit,2020-05-31,382844
Elektriciteit,2020-06-30,398365
Elektriciteit,2020-07-31,417762
Elektriciteit,2020-08-31,434427
Elektriciteit,2020-09-30,455695
Elektriciteit,2020-10-31,478881
Elektriciteit,2020-11-30,503673
Elektriciteit,2020-12-31,538665
Elektriciteit,2021-01-31,563152
Elektriciteit,2021-02-28,581544
Elektriciteit,2021-03-31,606480
Elektriciteit,2021-04-30,632121
Elektriciteit,2021-05-31,659635
Elektriciteit,2021-06-30,693114
Elektriciteit,2021-07-31,726350
Elektriciteit,2021-08-31,758416
Elektriciteit,2021-09-30,796276
Elektriciteit,2021-10-31,809401
LNG,2011-03-31,1
LNG,2012-04-30,2
LNG,2012-05-31,3
LNG,2013-02-28,4
LNG,2013-07-31,5
LNG,2013-08-31,6
LNG,2013-10-31,12
LNG,2014-05-31,15
LNG,2014-06-30,18
LNG,2014-08-31,19
LNG,2015-02-28,20
LNG,2015-03-31,22
LNG,2015-06-30,23
LNG,2015-09-30,24
LNG,2015-11-30,26
LNG,2015-12-31,30
LNG,2016-02-29,32
LNG,2016-03-31,40
LNG,2016-04-30,49
LNG,2016-05-31,51
LNG,2016-06-30,52
LNG,2016-07-31,53
LNG,2016-08-31,54
LNG,2016-09-30,55
LNG,2016-10-31,59
LNG,2016-12-31,70
LNG,2017-01-31,77
LNG,2017-02-28,78
LNG,2017-04-30,81
LNG,2017-05-31,93
LNG,2017-06-30,94
LNG,2017-07-31,104
LNG,2017-08-31,105
LNG,2017-09-30,107
LNG,2017-10-31,109
LNG,2017-11-30,129
LNG,2017-12-31,142
LNG,2018-01-31,151
LNG,2018-02-28,154
LNG,2018-04-30,155
LNG,2018-05-31,160
LNG,2018-06-30,164
LNG,2018-07-31,176
LNG,2018-08-31,189
LNG,2018-09-30,196
LNG,2018-10-31,218
LNG,2018-11-30,228
LNG,2018-12-31,233
LNG,2019-01-31,263
LNG,2019-02-28,270
LNG,2019-03-31,284
LNG,2019-04-30,304
LNG,2019-05-31,317
LNG,2019-06-30,337
LNG,2019-07-31,344
LNG,2019-08-31,355
LNG,2019-09-30,365
LNG,2019-10-31,368
LNG,2019-11-30,379
LNG,2019-12-31,388
LNG,2020-01-31,410
LNG,2020-02-29,446
LNG,2020-03-31,481
LNG,2020-04-30,510
LNG,2020-05-31,532
LNG,2020-06-30,541
LNG,2020-07-31,548
LNG,2020-08-31,561
LNG,2020-09-30,585
LNG,2020-10-31,604
LNG,2020-11-30,625
LNG,2020-12-31,658
LNG,2021-01-31,714
LNG,2021-02-28,760
LNG,2021-03-31,807
LNG,2021-04-30,867
LNG,2021-05-31,909
LNG,2021-06-30,970
LNG,2021-07-31,997
LNG,2021-08-31,1030
LNG,2021-09-30,1060
LNG,2021-10-31,1066
LPG,1970-03-31,1
LPG,1970-04-30,2
LPG,1971-05-31,3
LPG,1971-09-30,4
LPG,1971-12-31,5
LPG,1972-01-31,7
LPG,1972-04-30,8
LPG,1972-07-31,9
LPG,1972-08-31,10
LPG,1972-11-30,11
LPG,1972-12-31,12
LPG,1973-04-30,13
LPG,1973-05-31,14
LPG,1973-06-30,16
LPG,1973-08-31,18
LPG,1974-02-28,19
LPG,1974-08-31,20
LPG,1974-09-30,21
LPG,1974-10-31,22
LPG,1975-12-31,24
LPG,1976-02-29,25
LPG,1976-03-31,26
LPG,1976-04-30,27
LPG,1976-06-30,30
LPG,1976-07-31,32
LPG,1976-08-31,33
LPG,1976-09-30,34
LPG,1976-10-31,35
LPG,1976-12-31,36
LPG,1977-02-28,37
LPG,1977-03-31,39
LPG,1977-04-30,40
LPG,1977-05-31,41
LPG,1977-06-30,42
LPG,1977-07-31,43
LPG,1977-08-31,44
LPG,1977-09-30,45
LPG,1977-10-31,48
LPG,1977-11-30,50
LPG,1978-01-31,53
LPG,1978-02-28,55
LPG,1978-04-30,56
LPG,1978-05-31,57
LPG,1978-06-30,61
LPG,1978-07-31,63
LPG,1978-08-31,65
LPG,1978-09-30,67
LPG,1978-10-31,69
LPG,1978-11-30,71
LPG,1978-12-31,73
LPG,1979-01-31,76
LPG,1979-02-28,77
LPG,1979-04-30,82
LPG,1979-05-31,83
LPG,1979-06-30,88
LPG,1979-07-31,90
LPG,1979-08-31,94
LPG,1979-10-31,97
LPG,1979-11-30,98
LPG,1979-12-31,101
LPG,1980-02-29,102
LPG,1980-03-31,105
LPG,1980-04-30,108
LPG,1980-05-31,112
LPG,1980-06-30,115
LPG,1980-07-31,116
LPG,1980-08-31,117
LPG,1980-09-30,119
LPG,1980-10-31,120
LPG,1980-12-31,123
LPG,1981-01-31,127
LPG,1981-02-28,131
LPG,1981-03-31,137
LPG,1981-04-30,138
LPG,1981-05-31,142
LPG,1981-06-30,146
LPG,1981-07-31,149
LPG,1981-08-31,154
LPG,1981-10-31,156
LPG,1981-11-30,159
LPG,1981-12-31,161
LPG,1982-01-31,164
LPG,1982-02-28,167
LPG,1982-03-31,176
LPG,1982-04-30,178
LPG,1982-05-31,183
LPG,1982-06-30,186
LPG,1982-07-31,190
LPG,1982-08-31,193
LPG,1982-09-30,197
LPG,1982-10-31,202
LPG,1982-11-30,205
LPG,1982-12-31,207
LPG,1983-01-31,210
LPG,1983-03-31,211
LPG,1983-04-30,215
LPG,1983-05-31,220
LPG,1983-06-30,221
LPG,1983-07-31,226
LPG,1983-08-31,228
LPG,1983-09-30,233
LPG,1983-10-31,239
LPG,1983-11-30,245
LPG,1984-01-31,257
LPG,1984-02-29,259
LPG,1984-03-31,265
LPG,1984-04-30,269
LPG,1984-05-31,275
LPG,1984-06-30,281
LPG,1984-07-31,285
LPG,1984-08-31,294
LPG,1984-09-30,297
LPG,1984-10-31,301
LPG,1984-11-30,307
LPG,1984-12-31,312
LPG,1985-01-31,315
LPG,1985-02-28,318
LPG,1985-03-31,329
LPG,1985-04-30,332
LPG,1985-05-31,336
LPG,1985-06-30,339
LPG,1985-07-31,341
LPG,1985-08-31,350
LPG,1985-09-30,360
LPG,1985-10-31,366
LPG,1985-11-30,375
LPG,1985-12-31,380
LPG,1986-01-31,392
LPG,1986-02-28,397
LPG,1986-03-31,404
LPG,1986-04-30,413
LPG,1986-05-31,420
LPG,1986-06-30,429
LPG,1986-07-31,439
LPG,1986-08-31,445
LPG,1986-09-30,449
LPG,1986-10-31,460
LPG,1986-11-30,467
LPG,1986-12-31,476
LPG,1987-01-31,481
LPG,1987-02-28,486
LPG,1987-03-31,493
LPG,1987-04-30,498
LPG,1987-05-31,504
LPG,1987-06-30,518
LPG,1987-07-31,530
LPG,1987-08-31,538
LPG,1987-09-30,547
LPG,1987-10-31,557
LPG,1987-11-30,566
LPG,1987-12-31,577
LPG,1988-01-31,585
LPG,1988-02-29,593
LPG,1988-03-31,601
LPG,1988-04-30,608
LPG,1988-05-31,613
LPG,1988-06-30,637
LPG,1988-07-31,654
LPG,1988-08-31,667
LPG,1988-09-30,680
LPG,1988-10-31,692
LPG,1988-11-30,702
LPG,1988-12-31,712
LPG,1989-01-31,722
LPG,1989-02-28,732
LPG,1989-03-31,740
LPG,1989-04-30,753
LPG,1989-05-31,767
LPG,1989-06-30,782
LPG,1989-07-31,797
LPG,1989-08-31,807
LPG,1989-09-30,814
LPG,1989-10-31,826
LPG,1989-11-30,841
LPG,1989-12-31,852
LPG,1990-01-31,876
LPG,1990-02-28,892
LPG,1990-03-31,910
LPG,1990-04-30,924
LPG,1990-05-31,944
LPG,1990-06-30,970
LPG,1990-07-31,992
LPG,1990-08-31,1008
LPG,1990-09-30,1023
LPG,1990-10-31,1036
LPG,1990-11-30,1055
LPG,1990-12-31,1072
LPG,1991-01-31,1092
LPG,1991-02-28,1107
LPG,1991-03-31,1120
LPG,1991-04-30,1146
LPG,1991-05-31,1165
LPG,1991-06-30,1188
LPG,1991-07-31,1199
LPG,1991-08-31,1218
LPG,1991-09-30,1234
LPG,1991-10-31,1251
LPG,1991-11-30,1270
LPG,1991-12-31,1283
LPG,1992-01-31,1299
LPG,1992-02-29,1310
LPG,1992-03-31,1329
LPG,1992-04-30,1347
LPG,1992-05-31,1368
LPG,1992-06-30,1390
LPG,1992-07-31,1407
LPG,1992-08-31,1419
LPG,1992-09-30,1427
LPG,1992-10-31,1443
LPG,1992-11-30,1465
LPG,1992-12-31,1485
LPG,1993-01-31,1504
LPG,1993-02-28,1515
LPG,1993-03-31,1528
LPG,1993-04-30,1549
LPG,1993-05-31,1565
LPG,1993-06-30,1583
LPG,1993-07-31,1605
LPG,1993-08-31,1615
LPG,1993-09-30,1636
LPG,1993-10-31,1649
LPG,1993-11-30,1671
LPG,1993-12-31,1684
LPG,1994-01-31,1704
LPG,1994-02-28,1724
LPG,1994-03-31,1745
LPG,1994-04-30,1778
LPG,1994-05-31,1801
LPG,1994-06-30,1833
LPG,1994-07-31,1857
LPG,1994-08-31,1878
LPG,1994-09-30,1900
LPG,1994-10-31,1930
LPG,1994-11-30,1960
LPG,1994-12-31,2008
LPG,1995-01-31,2066
LPG,1995-02-28,2117
LPG,1995-03-31,2217
LPG,1995-04-30,2274
LPG,1995-05-31,2354
LPG,1995-06-30,2414
LPG,1995-07-31,2471
LPG,1995-08-31,2532
LPG,1995-09-30,2585
LPG,1995-10-31,2641
LPG,1995-11-30,2696
LPG,1995-12-31,2734
LPG,1996-01-31,2784
LPG,1996-02-29,2841
LPG,1996-03-31,2908
LPG,1996-04-30,2963
LPG,1996-05-31,3027
LPG,1996-06-30,3105
LPG,1996-07-31,3170
LPG,1996-08-31,3230
LPG,1996-09-30,3290
LPG,1996-10-31,3359
LPG,1996-11-30,3425
LPG,1996-12-31,3476
LPG,1997-01-31,3540
LPG,1997-02-28,3596
LPG,1997-03-31,3669
LPG,1997-04-30,3742
LPG,1997-05-31,3810
LPG,1997-06-30,3892
LPG,1997-07-31,3969
LPG,1997-08-31,4040
LPG,1997-09-30,4113
LPG,1997-10-31,4199
LPG,1997-11-30,4259
LPG,1997-12-31,4334
LPG,1998-01-31,4398
LPG,1998-02-28,4469
LPG,1998-03-31,4545
LPG,1998-04-30,4619
LPG,1998-05-31,4683
LPG,1998-06-30,4749
LPG,1998-07-31,4830
LPG,1998-08-31,4893
LPG,1998-09-30,4945
LPG,1998-10-31,5014
LPG,1998-11-30,5066
LPG,1998-12-31,5125
LPG,1999-01-31,5181
LPG,1999-02-28,5239
LPG,1999-03-31,5317
LPG,1999-04-30,5406
LPG,1999-05-31,5488
LPG,1999-06-30,5573
LPG,1999-07-31,5660
LPG,1999-08-31,5744
LPG,1999-09-30,5814
LPG,1999-10-31,5883
LPG,1999-11-30,5953
LPG,1999-12-31,6015
LPG,2000-01-31,6090
LPG,2000-02-29,6169
LPG,2000-03-31,6244
LPG,2000-04-30,6325
LPG,2000-05-31,6415
LPG,2000-06-30,6475
LPG,2000-07-31,6560
LPG,2000-08-31,6633
LPG,2000-09-30,6704
LPG,2000-10-31,6797
LPG,2000-11-30,6871
LPG,2000-12-31,6950
LPG,2001-01-31,7028
LPG,2001-02-28,7100
LPG,2001-03-31,7195
LPG,2001-04-30,7263
LPG,2001-05-31,7368
LPG,2001-06-30,7487
LPG,2001-07-31,7597
LPG,2001-08-31,7682
LPG,2001-09-30,7753
LPG,2001-10-31,7849
LPG,2001-11-30,7943
LPG,2001-12-31,8030
LPG,2002-01-31,8101
LPG,2002-02-28,8169
LPG,2002-03-31,8245
LPG,2002-04-30,8320
LPG,2002-05-31,8408
LPG,2002-06-30,8498
LPG,2002-07-31,8586
LPG,2002-08-31,8676
LPG,2002-09-30,8754
LPG,2002-10-31,8846
LPG,2002-11-30,8911
LPG,2002-12-31,8982
LPG,2003-01-31,9056
LPG,2003-02-28,9125
LPG,2003-03-31,9220
LPG,2003-04-30,9289
LPG,2003-05-31,9396
LPG,2003-06-30,9482
LPG,2003-07-31,9574
LPG,2003-08-31,9647
LPG,2003-09-30,9739
LPG,2003-10-31,9825
LPG,2003-11-30,9886
LPG,2003-12-31,9969
LPG,2004-01-31,10054
LPG,2004-02-29,10147
LPG,2004-03-31,10241
LPG,2004-04-30,10333
LPG,2004-05-31,10428
LPG,2004-06-30,10552
LPG,2004-07-31,10646
LPG,2004-08-31,10728
LPG,2004-09-30,10795
LPG,2004-10-31,10895
LPG,2004-11-30,10985
LPG,2004-12-31,11076
LPG,2005-01-31,11165
LPG,2005-02-28,11256
LPG,2005-03-31,11352
LPG,2005-04-30,11461
LPG,2005-05-31,11576
LPG,2005-06-30,11706
LPG,2005-07-31,11839
LPG,2005-08-31,11932
LPG,2005-09-30,12059
LPG,2005-10-31,12182
LPG,2005-11-30,12297
LPG,2005-12-31,12401
LPG,2006-01-31,12517
LPG,2006-02-28,12653
LPG,2006-03-31,12807
LPG,2006-04-30,12957
LPG,2006-05-31,13117
LPG,2006-06-30,13262
LPG,2006-07-31,13415
LPG,2006-08-31,13565
LPG,2006-09-30,13707
LPG,2006-10-31,13844
LPG,2006-11-30,13997
LPG,2006-12-31,14141
LPG,2007-01-31,14275
LPG,2007-02-28,14416
LPG,2007-03-31,14596
LPG,2007-04-30,14764
LPG,2007-05-31,14949
LPG,2007-06-30,15144
LPG,2007-07-31,15320
LPG,2007-08-31,15494
LPG,2007-09-30,15684
LPG,2007-10-31,15870
LPG,2007-11-30,16054
LPG,2007-12-31,16205
LPG,2008-01-31,16434
LPG,2008-02-29,16659
LPG,2008-03-31,16882
LPG,2008-04-30,17085
LPG,2008-05-31,17332
LPG,2008-06-30,17604
LPG,2008-07-31,17852
LPG,2008-08-31,18059
LPG,2008-09-30,18278
LPG,2008-10-31,18490
LPG,2008-11-30,18688
LPG,2008-12-31,18869
LPG,2009-01-31,19094
LPG,2009-02-28,19283
LPG,2009-03-31,19491
LPG,2009-04-30,19693
LPG,2009-05-31,19923
LPG,2009-06-30,20159
LPG,2009-07-31,20413
LPG,2009-08-31,20651
LPG,2009-09-30,20874
LPG,2009-10-31,21148
LPG,2009-11-30,21368
LPG,2009-12-31,21573
LPG,2010-01-31,21837
LPG,2010-02-28,22074
LPG,2010-03-31,22377
LPG,2010-04-30,22622
LPG,2010-05-31,22851
LPG,2010-06-30,23114
LPG,2010-07-31,23380
LPG,2010-08-31,23657
LPG,2010-09-30,24064
LPG,2010-10-31,24446
LPG,2010-11-30,24770
LPG,2010-12-31,25005
LPG,2011-01-31,25382
LPG,2011-02-28,25682
LPG,2011-03-31,26012
LPG,2011-04-30,26401
LPG,2011-05-31,26797
LPG,2011-06-30,27193
LPG,2011-07-31,27569
LPG,2011-08-31,27960
LPG,2011-09-30,28452
LPG,2011-10-31,28923
LPG,2011-11-30,29544
LPG,2011-12-31,30161
LPG,2012-01-31,30757
LPG,2012-02-29,31195
LPG,2012-03-31,31744
LPG,2012-04-30,32200
LPG,2012-05-31,32749
LPG,2012-06-30,33690
LPG,2012-07-31,34199
LPG,2012-08-31,34644
LPG,2012-09-30,35098
LPG,2012-10-31,35539
LPG,2012-11-30,35945
LPG,2012-12-31,36319
LPG,2013-01-31,36745
LPG,2013-02-28,37093
LPG,2013-03-31,37482
LPG,2013-04-30,37867
LPG,2013-05-31,38300
LPG,2013-06-30,38742
LPG,2013-07-31,39129
LPG,2013-08-31,39545
LPG,2013-09-30,39938
LPG,2013-10-31,40373
LPG,2013-11-30,40844
LPG,2013-12-31,41425
LPG,2014-01-31,41943
LPG,2014-02-28,42358
LPG,2014-03-31,42835
LPG,2014-04-30,43299
LPG,2014-05-31,43768
LPG,2014-06-30,44222
LPG,2014-07-31,44701
LPG,2014-08-31,45150
LPG,2014-09-30,45611
LPG,2014-10-31,46075
LPG,2014-11-30,46554
LPG,2014-12-31,47012
LPG,2015-01-31,47526
LPG,2015-02-28,47989
LPG,2015-03-31,48488
LPG,2015-04-30,48987
LPG,2015-05-31,49485
LPG,2015-06-30,50035
LPG,2015-07-31,50653
LPG,2015-08-31,51169
LPG,2015-09-30,51720
LPG,2015-10-31,52298
LPG,2015-11-30,52827
LPG,2015-12-31,53432
LPG,2016-01-31,54033
LPG,2016-02-29,54609
LPG,2016-03-31,55288
LPG,2016-04-30,55971
LPG,2016-05-31,56644
LPG,2016-06-30,57380
LPG,2016-07-31,58120
LPG,2016-08-31,58766
LPG,2016-09-30,59437
LPG,2016-10-31,60176
LPG,2016-11-30,60878
LPG,2016-12-31,61610
LPG,2017-01-31,62393
LPG,2017-02-28,63097
LPG,2017-03-31,63926
LPG,2017-04-30,64728
LPG,2017-05-31,65602
LPG,2017-06-30,66584
LPG,2017-07-31,67433
LPG,2017-08-31,68329
LPG,2017-09-30,69224
LPG,2017-10-31,70182
LPG,2017-11-30,71073
LPG,2017-12-31,71953
LPG,2018-01-31,73013
LPG,2018-02-28,73907
LPG,2018-03-31,75049
LPG,2018-04-30,76029
LPG,2018-05-31,77126
LPG,2018-06-30,78338
LPG,2018-07-31,79457
LPG,2018-08-31,80485
LPG,2018-09-30,81508
LPG,2018-10-31,82617
LPG,2018-11-30,83692
LPG,2018-12-31,84699
LPG,2019-01-31,85976
LPG,2019-02-28,87047
LPG,2019-03-31,88237
LPG,2019-04-30,89488
LPG,2019-05-31,90876
LPG,2019-06-30,92213
LPG,2019-07-31,93521
LPG,2019-08-31,94732
LPG,2019-09-30,95987
LPG,2019-10-31,97397
LPG,2019-11-30,98791
LPG,2019-12-31,100051
LPG,2020-01-31,101556
LPG,2020-02-29,103058
LPG,2020-03-31,104397
LPG,2020-04-30,105649
LPG,2020-05-31,107337
LPG,2020-06-30,109182
LPG,2020-07-31,111199
LPG,2020-08-31,113102
LPG,2020-09-30,115021
LPG,2020-10-31,117079
LPG,2020-11-30,118897
LPG,2020-12-31,120775
LPG,2021-01-31,122805
LPG,2021-02-28,124647
LPG,2021-03-31,126896
LPG,2021-04-30,129174
LPG,2021-05-31,131690
LPG,2021-06-30,134615
LPG,2021-07-31,137852
LPG,2021-08-31,140734
LPG,2021-09-30,144422
LPG,2021-10-31,145832
Waterstof,2008-07-31,1
Waterstof,2014-09-30,2
Waterstof,2015-01-31,3
Waterstof,2015-03-31,7
Waterstof,2015-12-31,8
Waterstof,2016-08-31,9
Waterstof,2016-10-31,12
Waterstof,2016-11-30,13
Waterstof,2016-12-31,14
Waterstof,2017-01-31,15
Waterstof,2017-02-28,16
Waterstof,2017-03-31,17
Waterstof,2017-06-30,19
Waterstof,2017-07-31,21
Waterstof,2017-09-30,22
Waterstof,2017-11-30,24
Waterstof,2017-12-31,26
Waterstof,2018-05-31,27
Waterstof,2018-09-30,28
Waterstof,2018-10-31,32
Waterstof,2018-11-30,33
Waterstof,2019-01-31,35
Waterstof,2019-02-28,39
Waterstof,2019-03-31,51
Waterstof,2019-04-30,56
Waterstof,2019-05-31,97
Waterstof,2019-06-30,106
Waterstof,2019-07-31,116
Waterstof,2019-08-31,130
Waterstof,2019-09-30,143
Waterstof,2019-10-31,152
Waterstof,2019-11-30,158
Waterstof,2019-12-31,192
Waterstof,2020-01-31,208
Waterstof,2020-02-29,216
Waterstof,2020-03-31,228
Waterstof,2020-04-30,233
Waterstof,2020-05-31,238
Waterstof,2020-06-30,251
Waterstof,2020-07-31,267
Waterstof,2020-08-31,278
Waterstof,2020-09-30,301
Waterstof,2020-10-31,312
Waterstof,2020-11-30,329
Waterstof,2020-12-31,375
Waterstof,2021-01-31,382
Waterstof,2021-02-28,388
Waterstof,2021-03-31,441
Waterstof,2021-04-30,456
Waterstof,2021-05-31,473
Waterstof,2021-06-30,493
Waterstof,2021-07-31,520
Waterstof,2021-08-31,533
Waterstof,2021-09-30,558
Waterstof,2021-10-31,563
